<?xml version="1.0" encoding="GB2312"?>
<AppSetting>
	<MainDlgSetting name="screen">
		<BmpButtons>
			<BmpButton name="TabMerge">
				<BmpButtonID>1000</BmpButtonID>
				<szFilePath>tabmerge.bmp</szFilePath>
				<left>240</left>
				<top>62</top>
				<length>134</length>
				<width>38</width>
				<ButtonType>1</ButtonType>
			</BmpButton>
			<BmpButton name="TabSplit">
				<BmpButtonID>1001</BmpButtonID>
				<szFilePath>tabsplit.bmp</szFilePath>
				<left>374</left>
				<top>62</top>
				<length>134</length>
				<width>38</width>
				<ButtonType>1</ButtonType>
			</BmpButton>
			<BmpButton name="register">
				<BmpButtonID>1070</BmpButtonID>
				<szFilePath>register.bmp</szFilePath>
				<left>645</left>
				<top>10</top>
				<length>19</length>
				<width>19</width>
				<ButtonType>0</ButtonType>
			</BmpButton>
			<BmpButton name="help">
				<BmpButtonID>1014</BmpButtonID>
				<szFilePath>help.bmp</szFilePath>
				<left>668</left>
				<top>10</top>
				<length>19</length>
				<width>19</width>
				<ButtonType>0</ButtonType>
			</BmpButton>
			<BmpButton name="setting">
				<BmpButtonID>1101</BmpButtonID>
				<szFilePath>setting.bmp</szFilePath>
				<left>622</left>
				<top>10</top>
				<length>19</length>
				<width>19</width>
				<ButtonType>0</ButtonType>
			</BmpButton>
		</BmpButtons>
		<BmpStatics>
			<BmpStatic name="main">
				<BmpStaticID>1075</BmpStaticID>
				<szFilePath>PDFMergeSplit.bmp</szFilePath>
				<left>0</left>
				<top>0</top>
				<length>700</length>
				<width>100</width>
				<parentid>0</parentid>
				<extendnx>550</extendnx>
				<extendny>0</extendny>
			</BmpStatic>	
		</BmpStatics>
	</MainDlgSetting>
	<MergeDlgSetting name="Merge">
		<BmpButtons>
			<BmpButton name="Mergemain">
				<BmpButtonID>1026</BmpButtonID>
				<szFilePath>merge.bmp</szFilePath>
				<left>545</left>
				<top>335</top>
				<length>145</length>
				<width>38</width>
				<ButtonType>0</ButtonType>
			</BmpButton>
		</BmpButtons>
		<BmpStatics>
			<BmpStatic name="Descmerge">
				<BmpStaticID>1078</BmpStaticID>
				<szFilePath>Descmerge.bmp</szFilePath>
				<left>0</left>
				<top>0</top>
				<length>165</length>
				<width>380</width>
				<parentid>0</parentid>
				<extendnx>0</extendnx>
				<extendny>0</extendny>
			</BmpStatic>
     			 <BmpStatic name="mergebg">
       				 <BmpStaticID>1080</BmpStaticID>
       				 <szFilePath>bgmerge.bmp</szFilePath>
       				 <left>0</left>
        			 <top>0</top>
        			 <length>705</length>
       				 <width>390</width>
       				 <parentid>0</parentid>
       				 <extendnx>1</extendnx>
       				 <extendny>1</extendny>7
    				  </BmpStatic>
    			</BmpStatics>
	</MergeDlgSetting>
	<SplitDlgSetting name="Split">
		<BmpButtons>
			<BmpButton name="Splitmain">
				<BmpButtonID>1015</BmpButtonID>
				<szFilePath>split.bmp</szFilePath>
				<left>547</left>
				<top>335</top>
				<length>145</length>
				<width>38</width>
				<ButtonType>0</ButtonType>
			</BmpButton>
		</BmpButtons>
		<BmpStatics>
			<BmpStatic name="Descsplit">
				<BmpStaticID>1079</BmpStaticID>
				<szFilePath>Descsplit.bmp</szFilePath>
				<left>0</left>
				<top>0</top>
				<length>165</length>
				<width>380</width>
				<parentid>0</parentid>
				<extendnx>0</extendnx>
				<extendny>0</extendny>
			</BmpStatic>	
			 <BmpStatic name="splitbg">
       				 <BmpStaticID>1084</BmpStaticID>
       				 <szFilePath>bgsplit.bmp</szFilePath>
       				 <left>0</left>
        			 <top>0</top>
        			 <length>705</length>
       				 <width>390</width>
       				 <parentid>0</parentid>
       				 <extendnx>1</extendnx>
       				 <extendny>1</extendny>
    				  </BmpStatic>
    			</BmpStatics>
	</SplitDlgSetting>
</AppSetting>